"","tree_stand_BA","forest_type","ambient_log","micro_temp","plo","phi","dat","micro_diff"
"1",21.8719292365438,"Primary",3.25433948914377,25.6212159833266,25.5207078932643,25.7217240733889,"hole_rep",0.0019407864248997
"2",22.8719292365438,"Primary",3.25433948914377,25.6231567697515,25.523204918162,25.723108621341,"hole_rep",0.0019407864248997
"3",21.8719292365438,"Logged",3.25433948914377,25.4798889332964,25.3869300401638,25.5728478264289,"hole_rep",0.00194078642490325
"4",22.8719292365438,"Logged",3.25433948914377,25.4818297197213,25.3889004529751,25.5747589864675,"hole_rep",0.00194078642490325
