"","tree_stand_BA","forest_type","vol","plo","phi","dat"
"1",21.8719292365438,"Primary",16148.3565508766,8.875725739745,10.5034213840892,"deadwood_vol"
"2",21.8719292365438,"Logged",21111.9077807774,9.20237592967336,10.7128090904838,"deadwood_vol"
