"","tree_stand_BA","forest_type","litter_vol","plo","phi","dat","litter_vol_diff"
"1",21.8719292365438,"Primary",3646.08697774325,3177.58708255016,4114.58687293634,"litter_vol",12.2695356160498
"2",22.8719292365438,"Primary",3658.3565133593,3192.60742630497,4124.10560041362,"litter_vol",12.2695356160498
"3",21.8719292365438,"Logged",3526.82076312178,3083.66195421946,3969.97957202409,"litter_vol",12.2695356160498
"4",22.8719292365438,"Logged",3539.09029873782,3096.10260972324,3982.07798775241,"litter_vol",12.2695356160498
