"","tree_stand_BA","forest_type","patch.range","plo","phi","dat"
"1",21.8719292365438,"Primary",3.27484862453115,2.47965744836616,4.07003980069613,"patch.range"
"2",21.8719292365438,"Logged",3.00502677228034,2.25983908389211,3.75021446066857,"patch.range"
