"","tree_stand_BA","forest_type","vol","plo","phi","dat"
"1",21.8719292365438,"Primary",5.79201797712769,1.05153103285267,2.7799651587767,"hole_vol"
"2",21.8719292365438,"Logged",17.0377850864312,2.16089918635821,3.62403827200707,"hole_vol"
