"","tree_stand_BA","forest_type","cold.patch.area","plo","phi","dat"
"1",21.8719292365438,"Primary",17.785069561557,16.3326956805537,19.2374434425604,"cold.patch.area"
"2",21.8719292365438,"Logged",16.918080445597,15.6475627583482,18.1885981328458,"cold.patch.area"
