"","forest_type","PC2","plo","phi","dat"
"newdat.1","Primary",-0.336675977407194,-0.790997409947189,0.117645455132802,"PC2"
"newdat.2","Logged",0.336675977407193,-0.117645455132802,0.790997409947189,"PC2"
