"","tree_stand_BA","forest_type","ambient_log","micro_temp","plo","phi","dat","micro_diff","forest_effect"
"1",21.8719292365438,"Primary",3.29316663744845,24.8448739620371,24.3204640347172,25.369283889357,"litter_rep_day",0.00503792915745649,-0.0409799143774734
"2",22.8719292365438,"Primary",3.29316663744845,24.8499118911945,24.3281386315097,25.3716851508794,"litter_rep_day",0.00503792915745649,-0.0409799143774734
"3",21.8719292365438,"Logged",3.29316663744845,24.8858538764146,24.3807099026122,25.390997850217,"litter_rep_day",0.00503792915745294,-0.0409799143774734
"4",22.8719292365438,"Logged",3.29316663744845,24.890891805572,24.3858487863561,25.395934824788,"litter_rep_day",0.00503792915745294,-0.0409799143774734
