"","forest_type","PC1","plo","phi","dat"
"newdat.1","Primary",0.914351551992708,0.0964472051111256,1.73225589887429,"PC1"
"newdat.2","Logged",-0.914351551992708,-1.73225589887429,-0.0964472051111251,"PC1"
