"","tree_stand_BA","forest_type","cold.patch.AI","cold.patch.AI_logit","plo","phi","dat"
"1",21.8719292365438,"Primary",0.833365726533489,1.60967116160993,0.825395768407545,0.841041950371225,"cold.patch.AI"
"2",21.8719292365438,"Logged",0.830433717533811,1.58870421817412,0.823480750910324,0.837166966628903,"cold.patch.AI"
