"","tree_stand_BA","forest_type","vol","plo","phi","dat"
"1",21.8719292365438,"Primary",3646.08697774325,3177.58708255016,4114.58687293634,"litter_vol"
"2",21.8719292365438,"Logged",3526.82076312178,3083.66195421946,3969.97957202409,"litter_vol"
