"","forest_type","tree_stand_BA","plo","phi","dat"
"newdat.1","Primary",39.4694185803391,31.7770452585158,47.1617919021625,"tree_stand_BA"
"newdat.2","Logged",23.3807532695695,15.6883799477461,31.0731265913928,"tree_stand_BA"
