"","forest_type","treeBA_cv","plo","phi","dat"
"newdat.1","Primary",1.32472975005155,1.14835644471479,1.5011030553883,"treeBA_cv"
"newdat.2","Logged",0.760769165557914,0.584395860221161,0.937142470894667,"treeBA_cv"
