"PC1","PC2","PC3","PC4","PC5","PC6","PC7","PC8","PC9"
1.69214317005102,1.30377996552699,1.10905717119369,0.944908644649432,0.81246572982453,0.772086315523914,0.686880600631939,0.667022123491034,0.375510085511902
0.31815,0.18887,0.13667,0.09921,0.07334,0.06624,0.05242,0.04944,0.01567
0.31815,0.50702,0.64369,0.74289,0.81624,0.88247,0.9349,0.98433,1
